Outcome,Spearman_rho,p_value,N
Aβ40 (relative to WT),-0.0023589743603529695,0.9862333361053306,56
Aβ42 (relative to WT),0.0011110731283022193,0.9935156801145599,56
Aβ42/40,0.02998034377497304,0.826384056877872,56
