WT_AA,n,mean_RSA,median_RSA,min_RSA,max_RSA
A,6,0.42,0.421,0.025,0.843
D,1,0.701,0.701,0.701,0.701
E,3,0.8256666666666668,0.883,0.678,0.916
H,1,0.866,0.866,0.866,0.866
I,1,0.456,0.456,0.456,0.456
K,3,0.526,0.539,0.287,0.752
L,2,0.607,0.607,0.607,0.607
P,2,0.649,0.649,0.649,0.649
R,1,0.547,0.547,0.547,0.547
S,1,0.671,0.671,0.671,0.671
T,2,0.6224999999999999,0.6224999999999999,0.429,0.816
V,1,0.006,0.006,0.006,0.006
Y,1,0.196,0.196,0.196,0.196
