Outcome,Spearman_rho,p_value,N
AAO,0.12778517474652118,0.17352640373718947,115
Total Activity,0.2147857200657815,0.015726842439301066,126
Amount of Ab42,0.193387348420006,0.030032738332306217,126
Amount of Ab40,0.19893035621388816,0.02554225015330387,126
Ab42/Ab40 ratio,-0.18864817294429342,0.06861800365596549,94
