Outcome,Spearman_rho,p_value,N
Aβ37 [%],-0.17704646498363438,0.3016142460812859,36
Aβ38 [%],0.25676203160556293,0.13061652701385282,36
Aβ40 [%],-0.010110769742180432,0.9533303956499577,36
Aβ42 [%],-0.12299571634899717,0.4748251131673049,36
Aβ43 [%],-0.2715423402259768,0.10915118096177767,36
