WT_AA,n,mean_RSA,median_RSA,min_RSA,max_RSA
A,3,0.22833333333333336,0.264,0.008,0.413
D,1,0.412,0.412,0.412,0.412
G,1,0.825,0.825,0.825,0.825
I,2,0.41800000000000004,0.41800000000000004,0.046,0.79
K,1,0.539,0.539,0.539,0.539
L,1,0.031,0.031,0.031,0.031
M,1,0.611,0.611,0.611,0.611
N,3,0.12666666666666668,0.0,0.0,0.38
P,5,0.6678000000000001,0.682,0.455,0.838
R,6,0.6748333333333333,0.7264999999999999,0.234,0.94
S,2,0.3815,0.3815,0.343,0.42
T,3,0.5416666666666666,0.472,0.411,0.742
V,4,0.31825000000000003,0.3365,0.212,0.388
