WT_AA,n,mean_RSA,median_RSA,min_RSA,max_RSA
A,3,0.322,0.421,0.008,0.537
E,2,0.5535,0.5535,0.294,0.813
F,1,0.136,0.136,0.136,0.136
G,3,0.13066666666666668,0.031,0.031,0.33
I,2,0.221,0.221,0.221,0.221
L,9,0.13733333333333334,0.058,0.01,0.45
M,4,0.14049999999999999,0.14049999999999999,0.074,0.207
P,1,0.078,0.078,0.078,0.078
R,3,0.43533333333333335,0.351,0.204,0.751
S,1,0.021,0.021,0.021,0.021
T,1,0.35,0.35,0.35,0.35
V,4,0.1635,0.124,0.006,0.4
Y,2,0.21200000000000002,0.21200000000000002,0.02,0.404
