WT_AA,n,mean_RSA,median_RSA,min_RSA,max_RSA
A,11,0.17500000000000002,0.025,0.0,0.587
C,3,0.108,0.0,0.0,0.324
D,1,0.668,0.668,0.668,0.668
E,9,0.32944444444444443,0.294,0.051,0.944
F,5,0.1938,0.136,0.013,0.504
G,9,0.09744444444444444,0.031,0.0,0.33
H,3,0.264,0.25,0.139,0.403
I,9,0.16433333333333333,0.092,0.0,0.574
K,1,0.057,0.057,0.057,0.057
L,27,0.15222222222222223,0.126,0.0,0.461
M,4,0.23025,0.207,0.074,0.433
N,2,0.19,0.19,0.0,0.38
P,5,0.339,0.37,0.078,0.617
Q,2,0.154,0.154,0.154,0.154
R,7,0.5581428571428572,0.608,0.204,0.857
S,7,0.125,0.049,0.007,0.434
T,7,0.14742857142857144,0.135,0.0,0.35
V,9,0.18044444444444446,0.127,0.0,0.485
W,1,0.337,0.337,0.337,0.337
Y,3,0.19499999999999998,0.161,0.02,0.404
