WT_AA,n,mean_RSA,median_RSA,min_RSA,max_RSA
A,3,0.16233333333333333,0.066,0.0,0.421
D,2,0.377,0.377,0.086,0.668
E,3,0.7726666666666667,0.813,0.561,0.944
F,7,0.2742857142857143,0.197,0.123,0.504
H,2,0.271,0.271,0.139,0.403
I,5,0.2112,0.215,0.0,0.574
K,1,0.057,0.057,0.057,0.057
L,6,0.13633333333333333,0.113,0.0,0.372
M,2,0.34950000000000003,0.34950000000000003,0.266,0.433
P,3,0.12533333333333332,0.136,0.078,0.162
Q,2,0.154,0.154,0.154,0.154
R,6,0.5926666666666667,0.651,0.204,0.857
S,3,0.147,0.007,0.0,0.434
T,4,0.20875,0.1875,0.0,0.46
V,3,0.3213333333333333,0.4,0.073,0.491
Y,3,0.027666666666666662,0.02,0.02,0.043
