WT_AA,n,mean_RSA,median_RSA,min_RSA,max_RSA
A,12,0.16591666666666668,0.0455,0.0,0.587
C,3,0.108,0.0,0.0,0.324
D,2,0.377,0.377,0.086,0.668
E,10,0.35259999999999997,0.294,0.051,0.944
F,12,0.21008333333333332,0.136,0.013,0.504
G,10,0.0908,0.031,0.0,0.33
H,4,0.29875,0.3265,0.139,0.403
I,12,0.15958333333333333,0.1535,0.0,0.574
K,1,0.057,0.057,0.057,0.057
L,36,0.14083333333333334,0.1125,0.0,0.461
M,9,0.23422222222222222,0.207,0.074,0.433
N,2,0.19,0.19,0.0,0.38
P,9,0.23877777777777778,0.162,0.078,0.617
Q,4,0.154,0.154,0.154,0.154
R,10,0.5156,0.525,0.204,0.857
S,11,0.12154545454545454,0.021,0.0,0.434
T,8,0.1865,0.1535,0.0,0.46
V,13,0.18738461538461537,0.127,0.0,0.491
W,1,0.337,0.337,0.337,0.337
Y,6,0.11133333333333334,0.0315,0.02,0.404
