Outcome,Spearman_rho,p_value,N
Aβ40 (relative to WT),0.09999316291908822,0.46340962654485196,56
Aβ42 (relative to WT),-0.028715003589375447,0.8336051468470428,56
Aβ42/40,-0.05744415396636588,0.6741021701280742,56
