Outcome,Spearman_rho,p_value,N
Aβ40 (relative to WT),0.4280217548787795,0.0009994073893336217,56
Aβ42 (relative to WT),0.08202358193326484,0.5478544594462846,56
Aβ42/40,-0.5691590626195776,4.7111316630259724e-06,56
